{"learning_rate": 2.7658167688896987e-05, "num_train_epochs": 11, "warmup_ratio": 0.034534203983059605, "weight_decay": 0.005061307904023764}