{"learning_rate": 1.325476247516878e-05, "num_train_epochs": 14, "warmup_ratio": 0.04445607222806455, "weight_decay": 0.01936644008795993}