{"learning_rate": 1.897670061030495e-05, "num_train_epochs": 14, "warmup_ratio": 0.043756775883323974, "weight_decay": 0.013310742130508068}