{"learning_rate": 2.9692549992479463e-05, "num_train_epochs": 10, "warmup_ratio": 0.07228270943557426, "weight_decay": 0.0027921179994007447}