{"learning_rate": 4.056556343062075e-05, "num_train_epochs": 12, "warmup_ratio": 0.024501575547121804, "weight_decay": 0.006572009292636327}