{"learning_rate": 4.733365690691377e-05, "num_train_epochs": 13, "warmup_ratio": 0.06873730654540423, "weight_decay": 0.0031137682771584063}