{"learning_rate": 1.9039698035543526e-05, "num_train_epochs": 12, "warmup_ratio": 0.03648327200343982, "weight_decay": 0.007640302809072943}