{"learning_rate": 1.812730933856342e-05, "num_train_epochs": 11, "warmup_ratio": 0.062364489287290215, "weight_decay": 0.0008983542220680563}