{"learning_rate": 5.292597034555079e-05, "num_train_epochs": 19, "warmup_ratio": 0.06272404614719, "weight_decay": 0.024850499456091517}