{"learning_rate": 8.490986345256212e-05, "num_train_epochs": 14, "warmup_ratio": 0.003816416676636139, "weight_decay": 0.006838458920425135}