{"learning_rate": 4.614939124882963e-05, "num_train_epochs": 11, "warmup_ratio": 0.0657037754724745, "weight_decay": 0.017135671007656787}