{"learning_rate": 3.81676336181215e-05, "num_train_epochs": 14, "warmup_ratio": 0.01979108358289773, "weight_decay": 0.010274736930518093}