{"learning_rate": 1.42964481436786e-05, "num_train_epochs": 13, "warmup_ratio": 0.04968325135858721, "weight_decay": 0.014779658132144591}