{"learning_rate": 2.0586645480619823e-05, "num_train_epochs": 12, "warmup_ratio": 0.03347555147148858, "weight_decay": 0.0148288265589339}