{"learning_rate": 4.235899272344654e-05, "num_train_epochs": 9, "warmup_ratio": 0.02665473741189721, "weight_decay": 0.019977906497015294}