{"learning_rate": 9.634875337469879e-05, "num_train_epochs": 12, "warmup_ratio": 0.06790865418726028, "weight_decay": 0.012257292797487596}