{"learning_rate": 6.034041330802196e-05, "num_train_epochs": 9, "warmup_ratio": 0.016648748947889577, "weight_decay": 0.002784227973202486}