{"learning_rate": 5.8898264305446044e-05, "num_train_epochs": 11, "warmup_ratio": 0.04789244326103253, "weight_decay": 0.0041848450324354705}