{"learning_rate": 4.558398672192339e-05, "num_train_epochs": 17, "warmup_ratio": 0.029071760317874396, "weight_decay": 0.01057474085814233}