{"learning_rate": 3.028698772054877e-05, "num_train_epochs": 9, "warmup_ratio": 0.06403299356898652, "weight_decay": 0.01987198527412717}